<?xml version="1.0" encoding="UTF-8"?>
<teamcity-plugin xmlns:xsi="http://www.w3.org/2001/XMLSchema-instance"
                 xsi:noNamespaceSchemaLocation="urn:shemas-jetbrains-com:teamcity-plugin-v1-xml">
    <info>
        <name>git-scheduling-build-trigger</name>
        <display-name>Git scheduling build trigger</display-name>
        <version>1</version>
        <description>Workaround for TW-23879</description>
    </info>
    <deployment use-separate-classloader="true"/>
</teamcity-plugin>
